{
  "metadata": {
    "schemaVersion": "1.0",
    "importType": "LEX",
    "importFormat": "JSON"
  },
  "resource": {
    "description": "Type of Tasks",
    "name": "TaskTypes",
    "version": "1",
    "enumerationValues": [
      {
        "value": "Project Management",
        "synonyms": []
      },
      {
        "value": "Technical",
        "synonyms": []
      },
      {
        "value": "Documentation",
        "synonyms": []
      }
    ],
    "valueSelectionStrategy": "ORIGINAL_VALUE"
  }
}