{
  "metadata": {
    "schemaVersion": "1.0",
    "importType": "LEX",
    "importFormat": "JSON"
  },
  "resource": {
    "description": "Complexity of Task",
    "name": "TaskComplexity",
    "version": "1",
    "enumerationValues": [
      {
        "value": "Difficult",
        "synonyms": []
      },
      {
        "value": "Hard",
        "synonyms": []
      },
      {
        "value": "Very Hard",
        "synonyms": []
      }
    ],
    "valueSelectionStrategy": "ORIGINAL_VALUE"
  }
}